glyph_name,ps_name,sort_final,sort_design,USV,bcp47tags,Feat
.notdef,.notdef,0,0,,,
.null,.null,1,1,,,
nonmarkingreturn,nonmarkingreturn,2,2,,,
space,space,3,3,0020,,
exclam,exclam,4,4,0021,,
quotedbl,quotedbl,5,5,0022,,
numbersign,numbersign,6,6,0023,,
dollar,dollar,7,7,0024,,
percent,percent,8,8,0025,,
ampersand,ampersand,9,9,0026,,
quotesingle,quotesingle,10,10,0027,,
parenleft,parenleft,11,11,0028,,
parenright,parenright,12,12,0029,,
asterisk,asterisk,13,13,002A,,
plus,plus,14,14,002B,,
comma,comma,15,16,002C,,
hyphen,hyphen,16,17,002D,,
period,period,17,18,002E,,
slash,slash,18,20,002F,,
zero,zero,19,21,0030,,
one,one,20,22,0031,,
two,two,21,23,0032,,
three,three,22,24,0033,,
four,four,23,25,0034,,
five,five,24,26,0035,,
six,six,25,27,0036,,
seven,seven,26,28,0037,,
eight,eight,27,29,0038,,
nine,nine,28,30,0039,,
colon,colon,29,31,003A,,
semicolon,semicolon,30,32,003B,,
less,less,31,33,003C,,
equal,equal,32,34,003D,,
greater,greater,33,35,003E,,
question,question,34,36,003F,,
at,at,35,38,0040,,
A,A,36,39,0041,,
B,B,37,40,0042,,
C,C,38,41,0043,,
D,D,39,42,0044,,
E,E,40,43,0045,,
F,F,41,44,0046,,
G,G,42,45,0047,,
H,H,43,46,0048,,
I,I,44,47,0049,,
J,J,45,48,004A,,
K,K,46,49,004B,,
L,L,47,50,004C,,
M,M,48,51,004D,,
N,N,49,52,004E,,
O,O,50,53,004F,,
P,P,51,54,0050,,
Q,Q,52,55,0051,,
R,R,53,56,0052,,
S,S,54,57,0053,,
T,T,55,58,0054,,
U,U,56,59,0055,,
V,V,57,60,0056,,
W,W,58,61,0057,,
X,X,59,62,0058,,
Y,Y,60,63,0059,,
Z,Z,61,64,005A,,
bracketleft,bracketleft,62,65,005B,,
backslash,backslash,63,66,005C,,
bracketright,bracketright,64,67,005D,,
asciicircum,asciicircum,65,68,005E,,
underscore,underscore,66,69,005F,,
grave,grave,67,70,0060,,
a,a,68,71,0061,,
b,b,69,72,0062,,
c,c,70,73,0063,,
d,d,71,74,0064,,
e,e,72,75,0065,,
f,f,73,76,0066,,
g,g,74,77,0067,,
h,h,75,78,0068,,
i,i,76,79,0069,,
j,j,77,80,006A,,
k,k,78,81,006B,,
l,l,79,82,006C,,
m,m,80,83,006D,,
n,n,81,84,006E,,
o,o,82,85,006F,,
p,p,83,86,0070,,
q,q,84,87,0071,,
r,r,85,88,0072,,
s,s,86,89,0073,,
t,t,87,90,0074,,
u,u,88,91,0075,,
v,v,89,92,0076,,
w,w,90,93,0077,,
x,x,91,94,0078,,
y,y,92,95,0079,,
z,z,93,96,007A,,
braceleft,braceleft,94,97,007B,,
bar,bar,95,98,007C,,
braceright,braceright,96,99,007D,,
asciitilde,asciitilde,97,100,007E,,
Adieresis,Adieresis,98,137,00C4,,
Aring,Aring,99,138,00C5,,
Ccedilla,Ccedilla,100,140,00C7,,
Eacute,Eacute,101,142,00C9,,
Ntilde,Ntilde,102,150,00D1,,
Odieresis,Odieresis,103,155,00D6,,
Udieresis,Udieresis,104,161,00DC,,
aacute,aacute,105,166,00E1,,
agrave,agrave,106,165,00E0,,
acircumflex,acircumflex,107,167,00E2,,
adieresis,adieresis,108,169,00E4,,
atilde,atilde,109,168,00E3,,
aring,aring,110,170,00E5,,
ccedilla,ccedilla,111,172,00E7,,
eacute,eacute,112,174,00E9,,
egrave,egrave,113,173,00E8,,
ecircumflex,ecircumflex,114,175,00EA,,
edieresis,edieresis,115,176,00EB,,
iacute,iacute,116,178,00ED,,
igrave,igrave,117,177,00EC,,
icircumflex,icircumflex,118,179,00EE,,
idieresis,idieresis,119,180,00EF,,
ntilde,ntilde,120,182,00F1,,
oacute,oacute,121,184,00F3,,
ograve,ograve,122,183,00F2,,
ocircumflex,ocircumflex,123,185,00F4,,
odieresis,odieresis,124,187,00F6,,
otilde,otilde,125,186,00F5,,
uacute,uacute,126,191,00FA,,
ugrave,ugrave,127,190,00F9,,
ucircumflex,ucircumflex,128,192,00FB,,
udieresis,udieresis,129,193,00FC,,
dagger,dagger,130,459,2020,,
degree,degree,131,117,00B0,,
cent,cent,132,103,00A2,,
sterling,sterling,133,104,00A3,,
section,section,134,108,00A7,,
bullet,bullet,135,461,2022,,
paragraph,paragraph,136,123,00B6,,
germandbls,germandbls,137,164,00DF,,
registered,registered,138,115,00AE,,
copyright,copyright,139,110,00A9,,
trademark,trademark,140,485,2122,,
acute,acute,141,121,00B4,,
dieresis,dieresis,142,109,00A8,,
AE,AE,143,139,00C6,,
Oslash,Oslash,144,157,00D8,,
plusminus,plusminus,145,118,00B1,,
yen,yen,146,106,00A5,,
mu,mu,147,122,00B5,,
pi,pi,148,224,03C0,,
ordfeminine,ordfeminine,149,111,00AA,,
ordmasculine,ordmasculine,150,127,00BA,,
Ohm,Omega,151,486,2126,,
ae,ae,152,171,00E6,,
oslash,oslash,153,189,00F8,,
questiondown,questiondown,154,132,00BF,,
exclamdown,exclamdown,155,102,00A1,,
logicalnot,logicalnot,156,113,00AC,,
florin,florin,157,205,0192,,
guillemotleft,guillemotleft,158,112,00AB,,
guillemotright,guillemotright,159,128,00BB,,
ellipsis,ellipsis,160,462,2026,,
nbspace,uni00A0,161,101,00A0,,
Agrave,Agrave,162,133,00C0,,
Atilde,Atilde,163,136,00C3,,
Otilde,Otilde,164,154,00D5,,
OE,OE,165,198,0152,,
oe,oe,166,199,0153,,
endash,endash,167,447,2013,,
emdash,emdash,168,448,2014,,
quotedblleft,quotedblleft,169,455,201C,,
quotedblright,quotedblright,170,456,201D,,
quoteleft,quoteleft,171,451,2018,,
quoteright,quoteright,172,452,2019,,
divide,divide,173,188,00F7,,
ydieresis,ydieresis,174,196,00FF,,
Ydieresis,Ydieresis,175,202,0178,,
fraction,fraction,176,470,2044,,
currency,currency,177,105,00A4,,
guilsinglleft,guilsinglleft,178,468,2039,,
guilsinglright,guilsinglright,179,469,203A,,
fi,uniFB01,180,495,FB01,,
fl,uniFB02,181,496,FB02,,
daggerdbl,daggerdbl,182,460,2021,,
periodcentered,periodcentered,183,124,00B7,,
quotesinglbase,quotesinglbase,184,454,201A,,
quotedblbase,quotedblbase,185,458,201E,,
perthousand,perthousand,186,467,2030,,
Acircumflex,Acircumflex,187,135,00C2,,
Ecircumflex,Ecircumflex,188,143,00CA,,
Aacute,Aacute,189,134,00C1,,
Edieresis,Edieresis,190,144,00CB,,
Egrave,Egrave,191,141,00C8,,
Iacute,Iacute,192,146,00CD,,
Icircumflex,Icircumflex,193,147,00CE,,
Idieresis,Idieresis,194,148,00CF,,
Igrave,Igrave,195,145,00CC,,
Oacute,Oacute,196,152,00D3,,
Ocircumflex,Ocircumflex,197,153,00D4,,
dottedCircle,uni25CC,198,489,25CC,,
Ograve,Ograve,199,151,00D2,,
Uacute,Uacute,200,159,00DA,,
Ucircumflex,Ucircumflex,201,160,00DB,,
Ugrave,Ugrave,202,158,00D9,,
dotlessi,dotlessi,203,197,0131,,
circumflex,circumflex,204,210,02C6,,
tilde,tilde,205,218,02DC,,
macron,macron,206,116,00AF,,
breve,breve,207,214,02D8,,
dotaccent,dotaccent,208,215,02D9,,
ring,ring,209,216,02DA,,
cedilla,cedilla,210,125,00B8,,
hungarumlaut,hungarumlaut,211,219,02DD,,
ogonek,ogonek,212,217,02DB,,
caron,caron,213,211,02C7,,
brokenbar,brokenbar,214,107,00A6,,
softhyphen,uni00AD,215,114,00AD,,
twosuperior,uni00B2,216,119,00B2,,
threesuperior,uni00B3,217,120,00B3,,
onesuperior,uni00B9,218,126,00B9,,
onequarter,onequarter,219,129,00BC,,
onehalf,onehalf,220,130,00BD,,
threequarters,threequarters,221,131,00BE,,
Eth,Eth,222,149,00D0,,
multiply,multiply,223,156,00D7,,
Yacute,Yacute,224,162,00DD,,
Thorn,Thorn,225,163,00DE,,
eth,eth,226,181,00F0,,
yacute,yacute,227,194,00FD,,
thorn,thorn,228,195,00FE,,
Scaron,Scaron,229,200,0160,,
scaron,scaron,230,201,0161,,
Zcaron,Zcaron,231,203,017D,,
zcaron,zcaron,232,204,017E,,
glottalstopsmall,uni0242,233,206,0242,,
glottalstop,uni0294,234,207,0294,,
apostrophemod,uni02BC,235,208,02BC,,
glottalstopmod,uni02C0,236,209,02C0,,
macronmod,uni02C9,237,212,02C9,,
colontriangularmod,uni02D0,238,213,02D0,,
dotabovecomb,uni0307,239,220,0307,,
dieresiscomb,uni0308,240,221,0308,,
cgj,uni034F,241,222,034F,,
Omega,uni03A9,242,223,03A9,,
danda,uni0964,243,225,0964,,
dbldanda,uni0965,244,226,0965,,
candraBindu-oriya,uni0B01,245,227,0B01,,
anusvara-oriya,uni0B02,246,228,0B02,,
visarga-oriya,uni0B03,247,229,0B03,,
a-oriya,uni0B05,248,230,0B05,,
aa-oriya,uni0B06,249,231,0B06,,
i-oriya,uni0B07,250,232,0B07,,
ii-oriya,uni0B08,251,233,0B08,,
u-oriya,uni0B09,252,234,0B09,,
uu-oriya,uni0B0A,253,235,0B0A,,
rVocalic-oriya,uni0B0B,254,236,0B0B,,
lVocalic-oriya,uni0B0C,255,237,0B0C,,
e-oriya,uni0B0F,256,238,0B0F,,
ai-oriya,uni0B10,257,239,0B10,,
o-oriya,uni0B13,258,240,0B13,,
au-oriya,uni0B14,259,241,0B14,,
ka-oriya,uni0B15,260,242,0B15,,
kha-oriya,uni0B16,261,246,0B16,,
ga-oriya,uni0B17,262,250,0B17,,
gha-oriya,uni0B18,263,254,0B18,,
nga-oriya,uni0B19,264,258,0B19,,
ca-oriya,uni0B1A,265,262,0B1A,,
cha-oriya,uni0B1B,266,266,0B1B,,
ja-oriya,uni0B1C,267,270,0B1C,,
jha-oriya,uni0B1D,268,274,0B1D,,
nya-oriya,uni0B1E,269,278,0B1E,,
tta-oriya,uni0B1F,270,280,0B1F,,
ttha-oriya,uni0B20,271,284,0B20,,
dda-oriya,uni0B21,272,288,0B21,,
ddha-oriya,uni0B22,273,292,0B22,,
nna-oriya,uni0B23,274,296,0B23,,
ta-oriya,uni0B24,275,300,0B24,,
tha-oriya,uni0B25,276,304,0B25,,
da-oriya,uni0B26,277,308,0B26,,
dha-oriya,uni0B27,278,312,0B27,,
na-oriya,uni0B28,279,316,0B28,,
pa-oriya,uni0B2A,280,320,0B2A,,
pha-oriya,uni0B2B,281,324,0B2B,,
ba-oriya,uni0B2C,282,328,0B2C,,
bha-oriya,uni0B2D,283,332,0B2D,,
ma-oriya,uni0B2E,284,336,0B2E,,
ya-oriya,uni0B2F,285,340,0B2F,,
ra-oriya,uni0B30,286,344,0B30,,
la-oriya,uni0B32,287,348,0B32,,
lla-oriya,uni0B33,288,352,0B33,,
va-oriya,uni0B35,289,356,0B35,kui,"cv10=0,1"
sha-oriya,uni0B36,290,362,0B36,,
ssa-oriya,uni0B37,291,366,0B37,,
sa-oriya,uni0B38,292,370,0B38,,
ha-oriya,uni0B39,293,374,0B39,,
nukta-oriya,uni0B3C,294,378,0B3C,,
avagraha-oriya,uni0B3D,295,379,0B3D,,
aaMatra-oriya,uni0B3E,296,380,0B3E,,
iMatra-oriya,uni0B3F,297,381,0B3F,,
iiMatra-oriya,uni0B40,298,384,0B40,,
uMatra-oriya,uni0B41,299,385,0B41,,
uuMatra-oriya,uni0B42,300,386,0B42,,
rVocalicMatra-oriya,uni0B43,301,387,0B43,,
rrVocalicMatra-oriya,uni0B44,302,388,0B44,,
eMatra-oriya,uni0B47,303,389,0B47,,
aiMatra-oriya,uni0B48,304,390,0B48,,
oMatra-oriya,uni0B4B,305,391,0B4B,,
auMatra-oriya,uni0B4C,306,392,0B4C,,
halant-oriya,uni0B4D,307,393,0B4D,,
overline-oriya,uni0B55,308,394,0B55,,
aiLength-oriya,uni0B56,309,397,0B56,,
auLength-oriya,uni0B57,310,400,0B57,,
rra-oriya,uni0B5C,311,401,0B5C,,
rha-oriya,uni0B5D,312,403,0B5D,,
yya-oriya,uni0B5F,313,405,0B5F,,
rrVocalic-oriya,uni0B60,314,407,0B60,,
llVocalic-oriya,uni0B61,315,408,0B61,,
lVocalicMatra-oriya,uni0B62,316,409,0B62,,
llVocalicMatra-oriya,uni0B63,317,410,0B63,,
zero-oriya,uni0B66,318,411,0B66,,
one-oriya,uni0B67,319,412,0B67,,
two-oriya,uni0B68,320,413,0B68,,
three-oriya,uni0B69,321,414,0B69,,
four-oriya,uni0B6A,322,415,0B6A,,
five-oriya,uni0B6B,323,416,0B6B,,
six-oriya,uni0B6C,324,417,0B6C,,
seven-oriya,uni0B6D,325,418,0B6D,,
eight-oriya,uni0B6E,326,419,0B6E,,
nine-oriya,uni0B6F,327,420,0B6F,,
isshar-oriya,uni0B70,328,421,0B70,,
wa-oriya,uni0B71,329,422,0B71,,
onequarter-oriya,uni0B72,330,424,0B72,,
onehalf-oriya,uni0B73,331,425,0B73,,
threequarters-oriya,uni0B74,332,426,0B74,,
onesixteenth-oriya,uni0B75,333,427,0B75,,
oneeighth-oriya,uni0B76,334,428,0B76,,
threesixteenths-oriya,uni0B77,335,429,0B77,,
EnQuad,uni2000,336,430,2000,,
EmQuad,uni2001,337,431,2001,,
EnSpace,uni2002,338,432,2002,,
EmSpace,uni2003,339,433,2003,,
ThreePerEmSpace,uni2004,340,434,2004,,
FourPerEmSpace,uni2005,341,435,2005,,
SixPerEmSpace,uni2006,342,436,2006,,
FigureSpace,uni2007,343,437,2007,,
PuncSpace,uni2008,344,438,2008,,
ThinSpace,uni2009,345,439,2009,,
HairSpace,uni200A,346,440,200A,,
zerowidthspace,uni200B,347,441,200B,,
zerowidthnonjoiner,uni200C,348,442,200C,,
zerowidthjoiner,uni200D,349,443,200D,,
hyphentwo,uni2010,350,444,2010,,
nbhyphen,uni2011,351,445,2011,,
figuredash,figuredash,352,446,2012,,
horizontalbar,uni2015,353,450,2015,,
hyphenationpoint,uni2027,354,463,2027,,
lineseparator,uni2028,355,464,2028,,
paragraphseparator,uni2029,356,465,2029,,
nnbsp,uni202F,357,466,202F,,
wj,uni2060,358,471,2060,,
zerosuperior,uni2070,359,472,2070,,
foursuperior,uni2074,360,473,2074,,
fivesuperior,uni2075,361,474,2075,,
sixsuperior,uni2076,362,475,2076,,
sevensuperior,uni2077,363,476,2077,,
eightsuperior,uni2078,364,477,2078,,
ninesuperior,uni2079,365,478,2079,,
hyphensuperior,uni207B,366,479,207B,,
parenleftsuperior,uni207D,367,480,207D,,
parenrightsuperior,uni207E,368,481,207E,,
rs,uni20A8,369,482,20A8,,
Euro,Euro,370,483,20AC,,
rupeeIndian,uni20B9,371,484,20B9,,
minus,minus,372,487,2212,,
divisionslash,uni2215,373,488,2215,,
halfbracketlefttop,uni2E22,374,490,2E22,,
halfbracketrighttop,uni2E23,375,491,2E23,,
halfbracketleftbottom,uni2E24,376,492,2E24,,
halfbracketrightbottom,uni2E25,377,493,2E25,,
saltillo,uniA78C,378,494,A78C,,
VS1,uniFE00,379,497,FE00,,
VS2,uniFE01,380,498,FE01,,
VS3,uniFE02,381,499,FE02,,
VS4,uniFE03,382,500,FE03,,
VS5,uniFE04,383,501,FE04,,
VS6,uniFE05,384,502,FE05,,
VS7,uniFE06,385,503,FE06,,
VS8,uniFE07,386,504,FE07,,
VS9,uniFE08,387,505,FE08,,
VS10,uniFE09,388,506,FE09,,
VS11,uniFE0A,389,507,FE0A,,
VS12,uniFE0B,390,508,FE0B,,
VS13,uniFE0C,391,509,FE0C,,
VS14,uniFE0D,392,510,FE0D,,
VS15,uniFE0E,393,511,FE0E,,
VS16,uniFE0F,394,512,FE0F,,
zwnbsp,uniFEFF,395,513,FEFF,,
ObjectReplChar,uniFFFC,396,514,FFFC,,
ReplChar,uniFFFD,397,515,FFFD,,
plus.latn,plus.latn,398,15,,,
period.latn,period.latn,399,19,,,
question.latn,question.latn,400,37,,,
ka-oriya.base,uni0B15.base,401,243,,,
ka-oriya.below,uni0B15.below,402,244,,,
ka-oriya.single,uni0B15.single,403,245,,,
kha-oriya.base,uni0B16.base,404,247,,,
kha-oriya.below,uni0B16.below,405,248,,,
kha-oriya.single,uni0B16.single,406,249,,,
ga-oriya.base,uni0B17.base,407,251,,,
ga-oriya.below,uni0B17.below,408,252,,,
ga-oriya.single,uni0B17.single,409,253,,,
gha-oriya.base,uni0B18.base,410,255,,,
gha-oriya.below,uni0B18.below,411,256,,,
gha-oriya.single,uni0B18.single,412,257,,,
nga-oriya.base,uni0B19.base,413,259,,,
nga-oriya.below,uni0B19.below,414,260,,,
nga-oriya.single,uni0B19.single,415,261,,,
ca-oriya.base,uni0B1A.base,416,263,,,
ca-oriya.below,uni0B1A.below,417,264,,,
ca-oriya.single,uni0B1A.single,418,265,,,
cha-oriya.base,uni0B1B.base,419,267,,,
cha-oriya.below,uni0B1B.below,420,268,,,
cha-oriya.single,uni0B1B.single,421,269,,,
ja-oriya.base,uni0B1C.base,422,271,,,
ja-oriya.below,uni0B1C.below,423,272,,,
ja-oriya.single,uni0B1C.single,424,273,,,
jha-oriya.base,uni0B1D.base,425,275,,,
jha-oriya.below,uni0B1D.below,426,276,,,
jha-oriya.single,uni0B1D.single,427,277,,,
nya-oriya.base,uni0B1E.base,428,279,,,
tta-oriya.base,uni0B1F.base,429,281,,,
tta-oriya.below,uni0B1F.below,430,282,,,
tta-oriya.single,uni0B1F.single,431,283,,,
ttha-oriya.base,uni0B20.base,432,285,,,
ttha-oriya.below,uni0B20.below,433,286,,,
ttha-oriya.single,uni0B20.single,434,287,,,
dda-oriya.base,uni0B21.base,435,289,,,
dda-oriya.below,uni0B21.below,436,290,,,
dda-oriya.single,uni0B21.single,437,291,,,
ddha-oriya.base,uni0B22.base,438,293,,,
ddha-oriya.below,uni0B22.below,439,294,,,
ddha-oriya.single,uni0B22.single,440,295,,,
nna-oriya.base,uni0B23.base,441,297,,,
nna-oriya.below,uni0B23.below,442,298,,,
nna-oriya.single,uni0B23.single,443,299,,,
ta-oriya.base,uni0B24.base,444,301,,,
ta-oriya.below,uni0B24.below,445,302,,,
ta-oriya.single,uni0B24.single,446,303,,,
tha-oriya.base,uni0B25.base,447,305,,,
tha-oriya.below,uni0B25.below,448,306,,,
tha-oriya.single,uni0B25.single,449,307,,,
da-oriya.base,uni0B26.base,450,309,,,
da-oriya.below,uni0B26.below,451,310,,,
da-oriya.single,uni0B26.single,452,311,,,
dha-oriya.base,uni0B27.base,453,313,,,
dha-oriya.below,uni0B27.below,454,314,,,
dha-oriya.single,uni0B27.single,455,315,,,
na-oriya.base,uni0B28.base,456,317,,,
na-oriya.below,uni0B28.below,457,318,,,
na-oriya.single,uni0B28.single,458,319,,,
pa-oriya.base,uni0B2A.base,459,321,,,
pa-oriya.below,uni0B2A.below,460,322,,,
pa-oriya.single,uni0B2A.single,461,323,,,
pha-oriya.base,uni0B2B.base,462,325,,,
pha-oriya.below,uni0B2B.below,463,326,,,
pha-oriya.single,uni0B2B.single,464,327,,,
ba-oriya.base,uni0B2C.base,465,329,,,
ba-oriya.below,uni0B2C.below,466,330,,,
ba-oriya.single,uni0B2C.single,467,331,,,
bha-oriya.base,uni0B2D.base,468,333,,,
bha-oriya.below,uni0B2D.below,469,334,,,
bha-oriya.single,uni0B2D.single,470,335,,,
ma-oriya.base,uni0B2E.base,471,337,,,
ma-oriya.below,uni0B2E.below,472,338,,,
ma-oriya.single,uni0B2E.single,473,339,,,
ya-oriya.base,uni0B2F.base,474,341,,,
ya-oriya.below,uni0B2F.below,475,342,,,
ya-oriya.single,uni0B2F.single,476,343,,,
ra-oriya.base,uni0B30.base,477,345,,,
ra-oriya.below,uni0B30.below,478,346,,,
ra-oriya.single,uni0B30.single,479,347,,,
la-oriya.base,uni0B32.base,480,349,,,
la-oriya.below,uni0B32.below,481,350,,,
la-oriya.single,uni0B32.single,482,351,,,
lla-oriya.base,uni0B33.base,483,353,,,
lla-oriya.below,uni0B33.below,484,354,,,
lla-oriya.single,uni0B33.single,485,355,,,
va-oriya.base,uni0B35.base,486,357,,kui,"cv10=0,1"
va-oriya.base.kui,uni0B35.base.kui,487,358,,,
va-oriya.below,uni0B35.below,488,359,,,
va-oriya.kui,uni0B35.kui,489,360,,,
va-oriya.single,uni0B35.single,490,361,,,
sha-oriya.base,uni0B36.base,491,363,,,
sha-oriya.below,uni0B36.below,492,364,,,
sha-oriya.single,uni0B36.single,493,365,,,
ssa-oriya.base,uni0B37.base,494,367,,,
ssa-oriya.below,uni0B37.below,495,368,,,
ssa-oriya.single,uni0B37.single,496,369,,,
sa-oriya.base,uni0B38.base,497,371,,,
sa-oriya.below,uni0B38.below,498,372,,,
sa-oriya.single,uni0B38.single,499,373,,,
ha-oriya.base,uni0B39.base,500,375,,,
ha-oriya.below,uni0B39.below,501,376,,,
ha-oriya.single,uni0B39.single,502,377,,,
iMatra-oriya.below,uni0B3F.below,503,382,,,
iMatra-oriya.wide,uni0B3F.wide,504,383,,,
overline-oriya.narrow,uni0B55.narrow,505,395,,,
overline-oriya.wide,uni0B55.wide,506,396,,,
aiLength-oriya.stem,uni0B56.stem,507,398,,,
aiLength-oriya.umbrella,uni0B56.umbrella,508,399,,,
rra-oriya.base,uni0B5C.base,509,402,,,
rha-oriya.base,uni0B5D.base,510,404,,,
yya-oriya.post,uni0B5F.post,511,406,,,
wa-oriya.base,uni0B71.base,512,423,,,
emdash.latn,emdash.latn,513,449,,,
quoteright.latn,quoteright.latn,514,453,,,
quotedblright.latn,quotedblright.latn,515,457,,,
_cap.overlap,_cap.overlap,516,516,,,
_part.da.below,_part.da.below,517,517,,,
_part.pha,_part.pha,518,518,,,
_part.ra.below,_part.ra.below,519,519,,,
aiLengthcandraBindu-oriya,aiLengthcandraBinduO,520,520,,,
aiLengthcandraBindu-oriya.stem,aiLengthcandraBinduO.stem,521,521,,,
aiLengthcandraBindu-oriya.umbrella,aiLengthcandraBinduO.umbrella,522,522,,,
aicandraBindu-oriya,aicandraBinduO,523,523,,,
aireph-oriya,airephO,524,524,,,
airephcandraBindu-oriya,airephcandraBinduO,525,525,,,
auLengthcandraBindu-oriya,auLengthcandraBinduO,526,526,,,
aucandraBindu-oriya,aucandraBinduO,527,527,,,
aureph-oriya,aurephO,528,528,,,
aurephcandraBindu-oriya,aurephcandraBinduO,529,529,,,
baba-oriya,babaO,530,530,,,
bada-oriya,badaO,531,531,,,
badha-oriya,badhaO,532,532,,,
baja-oriya,bajaO,533,533,,,
bara-oriya,baraO,534,534,,,
bhaalt-oriya.below,bhaaltO.below,535,535,,,
bhara-oriya,bharaO,536,536,,,
caca-oriya,cacaO,537,537,,,
cacha-oriya,cachaO,538,538,,,
cara-oriya,caraO,539,539,,,
chara-oriya,charaO,540,540,,,
dabha-oriya,dabhaO,541,541,,,
dada-oriya,dadaO,542,542,,,
dadha-oriya,dadhaO,543,543,,,
dadhava-oriya,dadhavaO,544,544,,,
daga-oriya,dagaO,545,545,,,
dagha-oriya,daghaO,546,546,,,
dara-oriya,daraO,547,547,,,
darauMatra-oriya,darauMatraO,548,548,,,
dava-oriya,davaO,549,549,,,
ddadda-oriya,ddaddaO,550,550,,,
ddaga-oriya,ddagaO,551,551,,,
ddara-oriya,ddaraO,552,552,,,
ddhara-oriya,ddharaO,553,553,,,
dhara-oriya,dharaO,554,554,,,
dhava-oriya,dhavaO,555,555,,,
dhaya-oriya,dhayaO,556,556,,,
dhayya-oriya,dhayyaO,557,557,,,
gada-oriya,gadaO,558,558,,,
gadha-oriya,gadhaO,559,559,,,
galla-oriya,gallaO,560,560,,,
gana-oriya,ganaO,561,561,,,
gara-oriya,garaO,562,562,,,
ghana-oriya,ghanaO,563,563,,,
ghara-oriya,gharaO,564,564,,,
haja-oriya,hajaO,565,565,,,
haka-oriya,hakaO,566,566,,,
hala-oriya,halaO,567,567,,,
halla-oriya,hallaO,568,568,,,
hama-oriya,hamaO,569,569,,,
hana-oriya,hanaO,570,570,,,
harVocalic-oriya,harVocalicO,571,571,,,
hara-oriya,haraO,572,572,,,
hau-oriya,hauO,573,573,,,
hauu-oriya,hauuO,574,574,,,
hava-oriya,havaO,575,575,,,
iMatracandraBindu-oriya,iMatracandraBinduO,576,576,,,
iMatracandraBindu-oriya.wide,iMatracandraBinduO.wide,577,577,,,
iMatrareph-oriya,iMatrarephO,578,578,,,
iMatrareph-oriya.wide,iMatrarephO.wide,579,579,,,
iMatrarephcandraBindu-oriya,iMatrarephcandraBinduO,580,580,,,
iMatrarephcandraBindu-oriya.wide,iMatrarephcandraBinduO.wide,581,581,,,
jaja-oriya,jajaO,582,582,,,
jajava-oriya,jajavaO,583,583,,,
jajha-oriya,jajhaO,584,584,,,
janya-oriya,janyaO,585,585,,,
jara-oriya,jaraO,586,586,,,
java-oriya,javaO,587,587,,,
jhara-oriya,jharaO,588,588,,,
kaca-oriya,kacaO,589,589,,,
kaka-oriya,kakaO,590,590,,,
kalla-oriya,kallaO,591,591,,,
kara-oriya,karaO,592,592,,,
kasa-oriya,kasaO,593,593,,,
kassa-oriya,kassaO,594,594,,,
kassa-oriya.base,kassaO.base,595,595,,,
kassa-oriya.below,kassaO.below,596,596,,,
kassama-oriya,kassamaO,597,597,,,
kassanna-oriya,kassannaO,598,598,,,
kassara-oriya,kassaraO,599,599,,,
kata-oriya,kataO,600,600,,,
katara-oriya,kataraO,601,601,,,
kataraalt-oriya,kataraaltO,602,602,,,
katta-oriya,kattaO,603,603,,,
kava-oriya,kavaO,604,604,,,
khara-oriya,kharaO,605,605,,,
laga-oriya,lagaO,606,606,,,
laka-oriya,lakaO,607,607,,,
lala-oriya,lalaO,608,608,,,
lalla-oriya,lallaO,609,609,,,
lama-oriya,lamaO,610,610,,,
lapa-oriya,lapaO,611,611,,,
lapha-oriya,laphaO,612,612,,,
lara-oriya,laraO,613,613,,,
llaka-oriya,llakaO,614,614,,,
llalla-oriya,llallaO,615,615,,,
llapa-oriya,llapaO,616,616,,,
llapha-oriya,llaphaO,617,617,,,
llara-oriya,llaraO,618,618,,,
maba-oriya,mabaO,619,619,,,
mabha-oriya,mabhaO,620,620,,,
mabhara-oriya,mabharaO,621,621,,,
mama-oriya,mamaO,622,622,,,
mapa-oriya,mapaO,623,623,,,
mapara-oriya,maparaO,624,624,,,
mapha-oriya,maphaO,625,625,,,
mara-oriya,maraO,626,626,,,
nada-oriya,nadaO,627,627,,,
nadara-oriya,nadaraO,628,628,,,
nadava-oriya,nadavaO,629,629,,,
nadha-oriya,nadhaO,630,630,,,
nadhara-oriya,nadharaO,631,631,,,
nadhava-oriya,nadhavaO,632,632,,,
nana-oriya,nanaO,633,633,,,
nara-oriya,naraO,634,634,,,
nata-oriya,nataO,635,635,,,
natara-oriya,nataraO,636,636,,,
natauMatra-oriya,natauMatraO,637,637,,,
natava-oriya,natavaO,638,638,,,
natha-oriya,nathaO,639,639,,,
ngaga-oriya,ngagaO,640,640,,,
ngagha-oriya,ngaghaO,641,641,,,
ngaka-oriya,ngakaO,642,642,,,
ngakassa-oriya,ngakassaO,643,643,,,
ngakata-oriya,ngakataO,644,644,,,
ngakha-oriya,ngakhaO,645,645,,,
ngara-oriya,ngaraO,646,646,,,
nnadda-oriya,nnaddaO,647,647,,,
nnaddahalant-oriya,nnaddahalantO,648,648,,,
nnaddara-oriya,nnaddaraO,649,649,,,
nnaddha-oriya,nnaddhaO,650,650,,,
nnanna-oriya,nnannaO,651,651,,,
nnara-oriya,nnaraO,652,652,,,
nnatta-oriya,nnattaO,653,653,,,
nnattahalant-oriya,nnattahalantO,654,654,,,
nnattha-oriya,nnatthaO,655,655,,,
nyaca-oriya,nyacaO,656,656,,,
nyacha-oriya,nyachaO,657,657,,,
nyaja-oriya,nyajaO,658,658,,,
nyajha-oriya,nyajhaO,659,659,,,
nyara-oriya,nyaraO,660,660,,,
om-oriya,omO,661,661,,,
paka-oriya,pakaO,662,662,,,
palla-oriya,pallaO,663,663,,,
papa-oriya,papaO,664,664,,,
para-oriya,paraO,665,665,,,
partta-oriya.below,parttaO.below,666,666,,,
pasa-oriya,pasaO,667,667,,,
pata-oriya,pataO,668,668,,,
patta-oriya,pattaO,669,669,,,
phara-oriya,pharaO,670,670,,,
rarVocalicMatra-oriya.below,rarVocalicMatraO.below,671,671,,,
rarrVocalicMatra-oriya.below,rarrVocalicMatraO.below,672,672,,,
rauMatra-oriya.below,rauMatraO.below,673,673,,,
rauuMatra-oriya.below,rauuMatraO.below,674,674,,,
reph-oriya,rephO,675,675,,,
rephaiLength-oriya,rephaiLengthO,676,676,,,
rephaiLength-oriya.stem,rephaiLengthO.stem,677,677,,,
rephaiLength-oriya.umbrella,rephaiLengthO.umbrella,678,678,,,
rephaiLengthcandraBindu-oriya,rephaiLengthcandraBinduO,679,679,,,
rephaiLengthcandraBindu-oriya.stem,rephaiLengthcandraBinduO.stem,680,680,,,
rephaiLengthcandraBindu-oriya.umbrella,rephaiLengthcandraBinduO.umbrel,681,681,,,
rephauLength-oriya,rephauLengthO,682,682,,,
rephauLengthcandraBindu-oriya,rephauLengthcandraBinduO,683,683,,,
rephcandraBindu-oriya,rephcandraBinduO,684,684,,,
rhara-oriya,rharaO,685,685,,,
rrara-oriya,rraraO,686,686,,,
saka-oriya,sakaO,687,687,,,
sakha-oriya,sakhaO,688,688,,,
sama-oriya,samaO,689,689,,,
sana-oriya,sanaO,690,690,,,
sapa-oriya,sapaO,691,691,,,
saparVocalicMatra-oriya,saparVocalicMatraO,692,692,,,
sapha-oriya,saphaO,693,693,,,
sara-oriya,saraO,694,694,,,
sata-oriya,sataO,695,695,,,
satara-oriya,sataraO,696,696,,,
satha-oriya,sathaO,697,697,,,
sava-oriya,savaO,698,698,,,
shaca-oriya,shacaO,699,699,,,
shacha-oriya,shachaO,700,700,,,
shalla-oriya,shallaO,701,701,,,
shara-oriya,sharaO,702,702,,,
shava-oriya,shavaO,703,703,,,
ssaka-oriya,ssakaO,704,704,,,
ssakara-oriya,ssakaraO,705,705,,,
ssanna-oriya,ssannaO,706,706,,,
ssapa-oriya,ssapaO,707,707,,,
ssapha-oriya,ssaphaO,708,708,,,
ssara-oriya,ssaraO,709,709,,,
ssatta-oriya,ssattaO,710,710,,,
ssattahalant-oriya,ssattahalantO,711,711,,,
ssattara-oriya,ssattaraO,712,712,,,
ssattha-oriya,ssatthaO,713,713,,,
taalt-oriya.below,taaltO.below,714,714,,,
taka-oriya,takaO,715,715,,,
takara-oriya,takaraO,716,716,,,
tama-oriya,tamaO,717,717,,,
tana-oriya,tanaO,718,718,,,
tapa-oriya,tapaO,719,719,,,
tapara-oriya,taparaO,720,720,,,
tara-oriya,taraO,721,721,,,
tara-oriya.below,taraO.below,722,722,,,
tarauMatra-oriya,tarauMatraO,723,723,,,
tasa-oriya,tasaO,724,724,,,
tasana-oriya,tasanaO,725,725,,,
tata-oriya,tataO,726,726,,,
tatara-oriya,tataraO,727,727,,,
tatava-oriya,tatavaO,728,728,,,
tatha-oriya,tathaO,729,729,,,
tava-oriya,tavaO,730,730,,,
thara-oriya,tharaO,731,731,,,
ttara-oriya,ttaraO,732,732,,,
ttatta-oriya,ttattaO,733,733,,,
tthara-oriya,ttharaO,734,734,,,
vara-oriya,varaO,735,735,,kui,"cv10=0,1"
vara-oriya.kui,varaO.kui,736,736,,,
wara-oriya,waraO,737,737,,,
yara-oriya,yaraO,738,738,,,
yyara-oriya,yyaraO,739,739,,,
